,date,company_name,action,maya_link,html_link
0,16:24 01/02/2015,פלסאון תעשיות ,הנהלה ונושאי משרה-מצבת ליום 1.2.15,http://maya.tase.co.il/reports/details/946672,http://mayafiles.tase.co.il/RHtm/946001-947000/H946672.htm
1,14:39 01/02/2015,מגדלי ים תיכון ,הנהלה ונושאי משרה-מצבת ליום 1.2.15,http://maya.tase.co.il/reports/details/946631,http://mayafiles.tase.co.il/RHtm/946001-947000/H946631.htm
2,14:18 01/02/2015,אזורים ,הנהלה ונושאי משרה-מצבת ליום 1.2.15,http://maya.tase.co.il/reports/details/946626,http://mayafiles.tase.co.il/RHtm/946001-947000/H946626.htm
3,13:44 01/02/2015,פטרוכימיים ,הנהלה ונושאי משרה-מצבת ליום 1.2.15,http://maya.tase.co.il/reports/details/946618,http://mayafiles.tase.co.il/RHtm/946001-947000/H946618.htm
4,13:10 01/02/2015,אינטרקיור ,הנהלה ונושאי משרה-מצבת ליום 1.2.15,http://maya.tase.co.il/reports/details/946613,http://mayafiles.tase.co.il/RHtm/946001-947000/H946613.htm
5,13:10 01/02/2015,בבילון ,הנהלה ונושאי משרה-מצבת ליום 1.2.15,http://maya.tase.co.il/reports/details/946612,http://mayafiles.tase.co.il/RHtm/946001-947000/H946612.htm
6,10:39 01/02/2015,אאורה ,הנהלה ונושאי משרה-מצבת ליום 1.7.14,http://maya.tase.co.il/reports/details/946569,http://mayafiles.tase.co.il/RHtm/946001-947000/H946569.htm
7,09:55 01/02/2015,שיכון ובינוי ,הנהלה ונושאי משרה-מצבת ליום 1.2.15,http://maya.tase.co.il/reports/details/946562,http://mayafiles.tase.co.il/RHtm/946001-947000/H946562.htm
8,09:46 01/02/2015,שלמה נדלן ,הנהלה ונושאי משרה-מצבת ליום 1.2.15,http://maya.tase.co.il/reports/details/946558,http://mayafiles.tase.co.il/RHtm/946001-947000/H946558.htm
9,09:40 01/02/2015,כלל עסקי ביטוח ,הנהלה ונושאי משרה-מצבת ליום 1.2.15,http://maya.tase.co.il/reports/details/946557,http://mayafiles.tase.co.il/RHtm/946001-947000/H946557.htm
10,09:17 01/02/2015,מירלנד ,הנהלה ונושאי משרה-מצבת ליום 1.2.15,http://maya.tase.co.il/reports/details/946536,http://mayafiles.tase.co.il/RHtm/946001-947000/H946536.htm
11,09:17 01/02/2015,דיסקונט השקעות ,הנהלה ונושאי משרה-מצבת ליום 1.2.15,http://maya.tase.co.il/reports/details/946535,http://mayafiles.tase.co.il/RHtm/946001-947000/H946535.htm
12,09:14 01/02/2015,צמיחה ,הנהלה ונושאי משרה-מצבת ליום 1.2.15,http://maya.tase.co.il/reports/details/946533,
13,08:50 01/02/2015,דניה סיבוס ,הנהלה ונושאי משרה-מצבת ליום 1.2.15,http://maya.tase.co.il/reports/details/946514,
14,08:43 01/02/2015,אגוד ,הנהלה ונושאי משרה-מצבת ליום 1.2.15,http://maya.tase.co.il/reports/details/946509,
15,18:17 31/01/2015,לוינסקי עופר ,הנהלה ונושאי משרה-מצבת ליום 31.1.15,http://maya.tase.co.il/reports/details/946483,
16,23:16 29/01/2015,דלתא ,הנהלה ונושאי משרה-מצבת ליום 29.1.15,http://maya.tase.co.il/reports/details/946475,http://mayafiles.tase.co.il/RHtm/946001-947000/H946475.htm
17,16:37 29/01/2015,סקיילקס ,הנהלה ונושאי משרה-מצבת ליום 29.1.15,http://maya.tase.co.il/reports/details/946424,
18,16:33 29/01/2015,וויי-בוקס ,הנהלה ונושאי משרה-מצבת ליום 29.1.15,http://maya.tase.co.il/reports/details/946423,
19,20:28 28/01/2015,אינסוליין ,הנהלה ונושאי משרה-מצבת ליום 28.12.14,http://maya.tase.co.il/reports/details/946257,
20,18:34 28/01/2015,ננו דיימנשן ,הנהלה ונושאי משרה-מצבת ליום 28.1.15,http://maya.tase.co.il/reports/details/946242,
21,14:55 28/01/2015,לודזיה ,הנהלה ונושאי משרה-מצבת ליום 28.1.15,http://maya.tase.co.il/reports/details/946186,
22,10:16 28/01/2015,צור ,הנהלה ונושאי משרה-מצבת ליום 28.1.15,http://maya.tase.co.il/reports/details/946137,http://mayafiles.tase.co.il/RHtm/946001-947000/H946137.htm
23,09:36 28/01/2015,די רום ,הנהלה ונושאי משרה-מצבת ליום 27.1.15,http://maya.tase.co.il/reports/details/946125,http://mayafiles.tase.co.il/RHtm/946001-947000/H946125.htm
24,09:20 28/01/2015,מדיוי תראפ-ש ,הנהלה ונושאי משרה-מצבת ליום 27.1.15,http://maya.tase.co.il/reports/details/946112,http://mayafiles.tase.co.il/RHtm/946001-947000/H946112.htm
25,07:55 28/01/2015,אזורים ,הנהלה ונושאי משרה-מצבת ליום 27.1.15,http://maya.tase.co.il/reports/details/946082,http://mayafiles.tase.co.il/RHtm/946001-947000/H946082.htm
26,21:47 27/01/2015,תפרון ,הנהלה ונושאי משרה-מצבת ליום 27.1.15,http://maya.tase.co.il/reports/details/946070,http://mayafiles.tase.co.il/RHtm/946001-947000/H946070.htm
27,18:55 27/01/2015,ג'ובוקיט ,הנהלה ונושאי משרה-מצבת ליום 16.1.15,http://maya.tase.co.il/reports/details/946055,http://mayafiles.tase.co.il/RHtm/946001-947000/H946055.htm
28,17:42 27/01/2015,מגדל ביטוח ,הנהלה ונושאי משרה-מצבת ליום 27.1.15,http://maya.tase.co.il/reports/details/946045,http://mayafiles.tase.co.il/RHtm/946001-947000/H946045.htm
29,15:26 27/01/2015,דלק קבוצה ,הנהלה ונושאי משרה-מצבת ליום 27.1.15,http://maya.tase.co.il/reports/details/946012,http://mayafiles.tase.co.il/RHtm/946001-947000/H946012.htm
30,13:06 27/01/2015,חד-אסף ,הנהלה ונושאי משרה-מצבת ליום 25.1.15,http://maya.tase.co.il/reports/details/945984,http://mayafiles.tase.co.il/RHtm/945001-946000/H945984.htm
31,11:59 27/01/2015,גו.די.אם ,הנהלה ונושאי משרה-מצבת ליום 26.1.15,http://maya.tase.co.il/reports/details/945964,http://mayafiles.tase.co.il/RHtm/945001-946000/H945964.htm
32,23:35 26/01/2015,שפיר הנדסה ,הנהלה ונושאי משרה-מצבת ליום 26.1.15,http://maya.tase.co.il/reports/details/945887,http://mayafiles.tase.co.il/RHtm/945001-946000/H945887.htm
33,16:41 26/01/2015,אקסלנס השקעות ,הנהלה ונושאי משרה-מצבת ליום 26.1.15,http://maya.tase.co.il/reports/details/945831,
34,14:25 26/01/2015,ספקטרוניקס ,הנהלה ונושאי משרה-מצבת ליום 26.1.15,http://maya.tase.co.il/reports/details/945788,http://mayafiles.tase.co.il/RHtm/945001-946000/H945788.htm
35,09:23 26/01/2015,מיי סייז ,הנהלה ונושאי משרה-מצבת ליום 26.1.15,http://maya.tase.co.il/reports/details/945690,
36,09:06 26/01/2015,מדיקל קומפרישין ,הנהלה ונושאי משרה-מצבת ליום 25.1.15,http://maya.tase.co.il/reports/details/945682,
37,20:31 25/01/2015,דירקט קפיטל-ש ,הנהלה ונושאי משרה-מצבת ליום 25.1.15,http://maya.tase.co.il/reports/details/945651,
38,10:27 25/01/2015,כרמית ,הנהלה ונושאי משרה-מצבת ליום 25.1.15,http://maya.tase.co.il/reports/details/945480,
39,09:01 25/01/2015,קרסו מוטורס ,הנהלה ונושאי משרה-מצבת ליום 24.1.15,http://maya.tase.co.il/reports/details/945462,
40,08:26 25/01/2015,אלוני חץ ,הנהלה ונושאי משרה-מצבת ליום 25.1.15,http://maya.tase.co.il/reports/details/945449,http://mayafiles.tase.co.il/RHtm/945001-946000/H945449.htm
41,08:26 25/01/2015,נייר חדרה ,הנהלה ונושאי משרה-מצבת ליום 23.1.15,http://maya.tase.co.il/reports/details/945448,http://mayafiles.tase.co.il/RHtm/945001-946000/H945448.htm
42,14:03 22/01/2015,דיסקונט השקעות ,הנהלה ונושאי משרה-מצבת ליום 22.1.15,http://maya.tase.co.il/reports/details/945341,http://mayafiles.tase.co.il/RHtm/945001-946000/H945341.htm
43,13:30 22/01/2015,רשי ,הנהלה ונושאי משרה-מצבת ליום 22.1.15,http://maya.tase.co.il/reports/details/945332,http://mayafiles.tase.co.il/RHtm/945001-946000/H945332.htm
44,15:16 21/01/2015,חממה סחר ,הנהלה ונושאי משרה-מצבת ליום 21.1.15,http://maya.tase.co.il/reports/details/945189,http://mayafiles.tase.co.il/RHtm/945001-946000/H945189.htm
45,14:32 21/01/2015,דור אלון ,הנהלה ונושאי משרה-מצבת ליום 21.1.15,http://maya.tase.co.il/reports/details/945172,
46,12:11 21/01/2015,גמאטרוניק ,הנהלה ונושאי משרה-מצבת ליום 21.1.15,http://maya.tase.co.il/reports/details/945120,
47,09:22 21/01/2015,דורי קבוצה ,הנהלה ונושאי משרה-מצבת ליום 21.1.15,http://maya.tase.co.il/reports/details/945072,
48,22:08 20/01/2015,קרסו מוטורס ,הנהלה ונושאי משרה-מצבת ליום 20.1.15,http://maya.tase.co.il/reports/details/945044,
49,16:52 20/01/2015,לאומי ,הנהלה ונושאי משרה-מצבת ליום 20.1.15,http://maya.tase.co.il/reports/details/944995,http://mayafiles.tase.co.il/RHtm/944001-945000/H944995.htm
50,15:24 20/01/2015,דיסקונט מנפיקים ,הנהלה ונושאי משרה-מצבת ליום 20.1.15,http://maya.tase.co.il/reports/details/944971,http://mayafiles.tase.co.il/RHtm/944001-945000/H944971.htm
51,09:22 20/01/2015,דיסקונט מנפיקים ,הנהלה ונושאי משרה-מצבת ליום 20.1.15,http://maya.tase.co.il/reports/details/944879,
52,09:19 20/01/2015,דנאל כא ,הנהלה ונושאי משרה-מצבת ליום 1.11.14,http://maya.tase.co.il/reports/details/944878,
53,07:39 20/01/2015,דיסקונט ,הנהלה ונושאי משרה-מצבת ליום 20.1.15,http://maya.tase.co.il/reports/details/944846,
54,10:03 19/01/2015,ננו דיימנשן ,הנהלה ונושאי משרה-מצבת ליום 19.1.15,http://maya.tase.co.il/reports/details/944664,
55,18:21 18/01/2015,הכשרה החז ,הנהלה ונושאי משרה-מצבת ליום 18.1.15,http://maya.tase.co.il/reports/details/944609,
56,16:28 18/01/2015,הלמן אלדובי גמל ,הנהלה ונושאי משרה-מצבת ליום 18.1.15,http://maya.tase.co.il/reports/details/944579,
57,11:31 18/01/2015,גן שמואל ,הנהלה ונושאי משרה-מצבת ליום 18.1.15 - תיקון דוח,http://maya.tase.co.il/reports/details/944515,
58,11:23 18/01/2015,גן שמואל ,הנהלה ונושאי משרה-מצבת ליום 1.2.14,http://maya.tase.co.il/reports/details/944511,
59,09:26 18/01/2015,מדיקל קומפרישין ,הנהלה ונושאי משרה-מצבת ליום 16.1.15,http://maya.tase.co.il/reports/details/944485,
60,09:19 18/01/2015,מטרת מיזוג ,הנהלה ונושאי משרה-מצבת ליום 23.4.13,http://maya.tase.co.il/reports/details/944482,
61,19:12 15/01/2015,ג'ובוקיט ,הנהלה ונושאי משרה-מצבת ליום 15.1.15,http://maya.tase.co.il/reports/details/944430,http://mayafiles.tase.co.il/RHtm/944001-945000/H944430.htm
62,09:37 15/01/2015,דורי בניה ,הנהלה ונושאי משרה-מצבת ליום 15.1.15,http://maya.tase.co.il/reports/details/944236,
63,08:41 15/01/2015,רם און ,הנהלה ונושאי משרה-מצבת ליום 14.1.15,http://maya.tase.co.il/reports/details/944201,
64,17:12 14/01/2015,אידיבי פתוח ,הנהלה ונושאי משרה-מצבת ליום 14.1.15,http://maya.tase.co.il/reports/details/944150,
65,14:16 14/01/2015,ביומדיקס ,הנהלה ונושאי משרה-מצבת ליום 14.1.15,http://maya.tase.co.il/reports/details/944098,
66,09:16 14/01/2015,אמניס תרפיוטיקס ,הנהלה ונושאי משרה-מצבת ליום 14.1.15,http://maya.tase.co.il/reports/details/944001,
67,09:01 14/01/2015,אבגול ,הנהלה ונושאי משרה-מצבת ליום 13.1.15,http://maya.tase.co.il/reports/details/943989,
68,08:57 14/01/2015,גולף ,הנהלה ונושאי משרה-מצבת ליום 14.1.15,http://maya.tase.co.il/reports/details/943986,http://mayafiles.tase.co.il/RHtm/943001-944000/H943986.htm
69,18:03 13/01/2015,קדימהסטם ,הנהלה ונושאי משרה-מצבת ליום 13.1.15,http://maya.tase.co.il/reports/details/943928,http://mayafiles.tase.co.il/RHtm/943001-944000/H943928.htm
70,17:24 13/01/2015,צירון ,הנהלה ונושאי משרה-מצבת ליום 13.1.15,http://maya.tase.co.il/reports/details/943920,http://mayafiles.tase.co.il/RHtm/943001-944000/H943920.htm
71,14:23 13/01/2015,מליסרון ,הנהלה ונושאי משרה-מצבת ליום 30.11.14 - תיקון דוח,http://maya.tase.co.il/reports/details/943885,http://mayafiles.tase.co.il/RHtm/943001-944000/H943885.htm
72,18:07 12/01/2015,איתי פיננסים ,הנהלה ונושאי משרה-מצבת ליום 12.1.15,http://maya.tase.co.il/reports/details/943773,http://mayafiles.tase.co.il/RHtm/943001-944000/H943773.htm
73,15:55 12/01/2015,רם און ,הנהלה ונושאי משרה-מצבת ליום 7.1.15,http://maya.tase.co.il/reports/details/943732,http://mayafiles.tase.co.il/RHtm/943001-944000/H943732.htm
74,13:39 12/01/2015,ראלקו ,הנהלה ונושאי משרה-מצבת ליום 12.1.15,http://maya.tase.co.il/reports/details/943683,http://mayafiles.tase.co.il/RHtm/943001-944000/H943683.htm
75,11:20 12/01/2015,שטראוס גרופ ,הנהלה ונושאי משרה-מצבת ליום 8.1.15 - תיקון דוח,http://maya.tase.co.il/reports/details/943641,http://mayafiles.tase.co.il/RHtm/943001-944000/H943641.htm
76,09:12 12/01/2015,בתי זיקוק ,הנהלה ונושאי משרה-מצבת ליום 11.1.15,http://maya.tase.co.il/reports/details/943600,http://mayafiles.tase.co.il/RHtm/943001-944000/H943600.htm
77,17:12 11/01/2015,גולן פלסטיק ,הנהלה ונושאי משרה-מצבת ליום 11.1.15,http://maya.tase.co.il/reports/details/943524,http://mayafiles.tase.co.il/RHtm/943001-944000/H943524.htm
78,11:23 11/01/2015,שניב ,הנהלה ונושאי משרה-מצבת ליום 11.1.15,http://maya.tase.co.il/reports/details/943408,http://mayafiles.tase.co.il/RHtm/943001-944000/H943408.htm
79,10:20 11/01/2015,על בד ,הנהלה ונושאי משרה-מצבת ליום 11.1.15,http://maya.tase.co.il/reports/details/943399,http://mayafiles.tase.co.il/RHtm/943001-944000/H943399.htm
80,08:55 11/01/2015,מדיקל קומפרישין ,הנהלה ונושאי משרה-מצבת ליום 10.1.15,http://maya.tase.co.il/reports/details/943374,http://mayafiles.tase.co.il/RHtm/943001-944000/H943374.htm
81,08:54 11/01/2015,דן מלונות ,הנהלה ונושאי משרה-מצבת ליום 11.1.15,http://maya.tase.co.il/reports/details/943373,http://mayafiles.tase.co.il/RHtm/943001-944000/H943373.htm
82,21:00 08/01/2015,ביונדווקס ,הנהלה ונושאי משרה-מצבת ליום 8.1.15,http://maya.tase.co.il/reports/details/943335,http://mayafiles.tase.co.il/RHtm/943001-944000/H943335.htm
83,20:44 08/01/2015,גו.די.אם ,הנהלה ונושאי משרה-מצבת ליום 1.1.15 - תיקון דוח,http://maya.tase.co.il/reports/details/943333,http://mayafiles.tase.co.il/RHtm/943001-944000/H943333.htm
84,18:50 08/01/2015,אלעזרא ,הנהלה ונושאי משרה-מצבת ליום 8.1.15,http://maya.tase.co.il/reports/details/943316,http://mayafiles.tase.co.il/RHtm/943001-944000/H943316.htm
85,18:29 08/01/2015,סאטקום מערכות ,הנהלה ונושאי משרה-מצבת ליום 8.1.15,http://maya.tase.co.il/reports/details/943310,http://mayafiles.tase.co.il/RHtm/943001-944000/H943310.htm
86,18:10 08/01/2015,אחוזת בית ,הנהלה ונושאי משרה-מצבת ליום 8.1.15,http://maya.tase.co.il/reports/details/943298,http://mayafiles.tase.co.il/RHtm/943001-944000/H943298.htm
87,17:48 08/01/2015,יעד ,הנהלה ונושאי משרה-מצבת ליום 8.1.15,http://maya.tase.co.il/reports/details/943288,http://mayafiles.tase.co.il/RHtm/943001-944000/H943288.htm
88,15:14 08/01/2015,אחוזת בית ,הנהלה ונושאי משרה-מנכלית אחוזת בית מרכז מסחרי ודיור לגיל זהב,http://maya.tase.co.il/reports/details/943226,http://mayafiles.tase.co.il/RHtm/943001-944000/H943226.htm
89,14:04 08/01/2015,נעמן ,הנהלה ונושאי משרה-מצבת ליום 8.1.15,http://maya.tase.co.il/reports/details/943201,http://mayafiles.tase.co.il/RHtm/943001-944000/H943201.htm
90,13:27 08/01/2015,שטראוס גרופ ,הנהלה ונושאי משרה-מצבת ליום 4.8.14,http://maya.tase.co.il/reports/details/943191,http://mayafiles.tase.co.il/RHtm/943001-944000/H943191.htm
91,09:12 08/01/2015,חברה לישראל ,הנהלה ונושאי משרה-מצבת ליום 8.1.15,http://maya.tase.co.il/reports/details/943118,http://mayafiles.tase.co.il/RHtm/943001-944000/H943118.htm
92,08:45 08/01/2015,פלסאון תעשיות ,הנהלה ונושאי משרה-מצבת ליום 8.1.15,http://maya.tase.co.il/reports/details/943103,
93,23:57 07/01/2015,ישראל קנדה ,הנהלה ונושאי משרה-מצבת ליום 7.1.15,http://maya.tase.co.il/reports/details/943089,http://mayafiles.tase.co.il/RHtm/943001-944000/H943089.htm
94,22:45 07/01/2015,אתלון השקעות ,הנהלה ונושאי משרה-מצבת ליום 7.1.15,http://maya.tase.co.il/reports/details/943081,http://mayafiles.tase.co.il/RHtm/943001-944000/H943081.htm
95,21:17 07/01/2015,עילדב השקעות ,הנהלה ונושאי משרה-מצבת ליום 7.1.15,http://maya.tase.co.il/reports/details/943075,http://mayafiles.tase.co.il/RHtm/943001-944000/H943075.htm
96,20:33 07/01/2015,דירקט קפיטל-ש ,הנהלה ונושאי משרה-מצבת ליום 7.1.15,http://maya.tase.co.il/reports/details/943065,http://mayafiles.tase.co.il/RHtm/943001-944000/H943065.htm
97,20:22 07/01/2015,קולפלנט אחזקות ,הנהלה ונושאי משרה-מצבת ליום 7.1.15,http://maya.tase.co.il/reports/details/943063,http://mayafiles.tase.co.il/RHtm/943001-944000/H943063.htm
98,18:15 07/01/2015,נאוסיטי ,הנהלה ונושאי משרה-מצבת ליום 14.11.13,http://maya.tase.co.il/reports/details/943034,http://mayafiles.tase.co.il/RHtm/943001-944000/H943034.htm
99,15:51 07/01/2015,דורסל ,הנהלה ונושאי משרה-מצבת ליום 7.1.15,http://maya.tase.co.il/reports/details/942964,http://mayafiles.tase.co.il/RHtm/942001-943000/H942964.htm
100,15:14 07/01/2015,אראסאל ,הנהלה ונושאי משרה-מצבת ליום 7.1.15,http://maya.tase.co.il/reports/details/942932,http://mayafiles.tase.co.il/RHtm/942001-943000/H942932.htm
101,15:08 07/01/2015,לאומי ,הנהלה ונושאי משרה-מצבת ליום 7.1.15,http://maya.tase.co.il/reports/details/942929,http://mayafiles.tase.co.il/RHtm/942001-943000/H942929.htm
102,13:11 07/01/2015,אסיה פיתוח ,הנהלה ונושאי משרה-מצבת ליום 7.1.15,http://maya.tase.co.il/reports/details/942875,http://mayafiles.tase.co.il/RHtm/942001-943000/H942875.htm
103,12:59 07/01/2015,קרדן רכב ,הנהלה ונושאי משרה-מצבת ליום 7.1.15,http://maya.tase.co.il/reports/details/942869,http://mayafiles.tase.co.il/RHtm/942001-943000/H942869.htm
104,09:29 07/01/2015,אידיבי פתוח ,הנהלה ונושאי משרה-מצבת ליום 6.1.15,http://maya.tase.co.il/reports/details/942742,http://mayafiles.tase.co.il/RHtm/942001-943000/H942742.htm
105,01:09 07/01/2015,רובוגרופ ,הנהלה ונושאי משרה-מצבת ליום 6.1.15,http://maya.tase.co.il/reports/details/942676,http://mayafiles.tase.co.il/RHtm/942001-943000/H942676.htm
106,17:01 06/01/2015,אמניס תרפיוטיקס ,הנהלה ונושאי משרה-מצבת ליום 6.1.15,http://maya.tase.co.il/reports/details/942632,http://mayafiles.tase.co.il/RHtm/942001-943000/H942632.htm
107,14:46 06/01/2015,הכשרה חב לביטוח ,הנהלה ונושאי משרה-מצבת ליום 6.1.15,http://maya.tase.co.il/reports/details/942568,
108,14:35 06/01/2015,מיחשוב ישיר קב ,הנהלה ונושאי משרה-מצבת ליום 6.1.15 - תיקון דוח,http://maya.tase.co.il/reports/details/942562,
109,13:50 06/01/2015,גרינסטון ,הנהלה ונושאי משרה-מצבת ליום 6.1.15,http://maya.tase.co.il/reports/details/942548,
110,13:25 06/01/2015,מיחשוב ישיר קב ,הנהלה ונושאי משרה-מצבת ליום 6.1.15,http://maya.tase.co.il/reports/details/942540,http://mayafiles.tase.co.il/RHtm/942001-943000/H942540.htm
111,12:48 06/01/2015,נעמן ,הנהלה ונושאי משרה-מצבת ליום 6.1.15,http://maya.tase.co.il/reports/details/942522,http://mayafiles.tase.co.il/RHtm/942001-943000/H942522.htm
112,08:51 06/01/2015,המלט ,הנהלה ונושאי משרה-מצבת ליום 6.1.15,http://maya.tase.co.il/reports/details/942439,http://mayafiles.tase.co.il/RHtm/942001-943000/H942439.htm
113,17:26 05/01/2015,דלתא ,הנהלה ונושאי משרה-מצבת ליום 5.1.15,http://maya.tase.co.il/reports/details/942357,http://mayafiles.tase.co.il/RHtm/942001-943000/H942357.htm
114,09:46 05/01/2015,אלעזרא ,הנהלה ונושאי משרה-מצבת ליום 4.1.15,http://maya.tase.co.il/reports/details/942154,http://mayafiles.tase.co.il/RHtm/942001-943000/H942154.htm
115,09:24 05/01/2015,פרוטאולוג'יקס ,הנהלה ונושאי משרה-מצבת ליום 4.1.15,http://maya.tase.co.il/reports/details/942148,
116,18:50 04/01/2015,ב.יאיר ,הנהלה ונושאי משרה-מצבת ליום 4.1.15,http://maya.tase.co.il/reports/details/942102,http://mayafiles.tase.co.il/RHtm/942001-943000/H942102.htm
117,17:34 04/01/2015,ארקו החזקות ,הנהלה ונושאי משרה-מצבת ליום 4.1.15,http://maya.tase.co.il/reports/details/942076,
118,16:32 04/01/2015,פוקס ,הנהלה ונושאי משרה-מצבת ליום 4.1.15,http://maya.tase.co.il/reports/details/942032,
119,14:21 04/01/2015,אלבר ,הנהלה ונושאי משרה-מצבת ליום 4.1.15,http://maya.tase.co.il/reports/details/941888,
120,12:28 04/01/2015,גו.די.אם ,הנהלה ונושאי משרה-מצבת ליום 1.1.15,http://maya.tase.co.il/reports/details/941843,http://mayafiles.tase.co.il/RHtm/941001-942000/H941843.htm
121,12:02 04/01/2015,אביב ארלון ,הנהלה ונושאי משרה-מצבת ליום 4.1.15,http://maya.tase.co.il/reports/details/941828,http://mayafiles.tase.co.il/RHtm/941001-942000/H941828.htm
122,11:34 04/01/2015,הוט ,הנהלה ונושאי משרה-מצבת ליום 4.1.15,http://maya.tase.co.il/reports/details/941812,http://mayafiles.tase.co.il/RHtm/941001-942000/H941812.htm
123,10:39 04/01/2015,"אלקטרה נדל""ן ",הנהלה ונושאי משרה-מצבת ליום 1.1.15,http://maya.tase.co.il/reports/details/941797,http://mayafiles.tase.co.il/RHtm/941001-942000/H941797.htm
124,09:51 04/01/2015,ארנה גרופ ,הנהלה ונושאי משרה-מצבת ליום 4.1.15,http://maya.tase.co.il/reports/details/941778,http://mayafiles.tase.co.il/RHtm/941001-942000/H941778.htm
125,09:13 04/01/2015,נאוי ,הנהלה ונושאי משרה-מצבת ליום 4.1.15,http://maya.tase.co.il/reports/details/941745,http://mayafiles.tase.co.il/RHtm/941001-942000/H941745.htm
126,09:05 04/01/2015,דורי קבוצה ,הנהלה ונושאי משרה-מצבת ליום 4.1.15,http://maya.tase.co.il/reports/details/941740,http://mayafiles.tase.co.il/RHtm/941001-942000/H941740.htm
127,07:35 04/01/2015,אלגומייזר ,הנהלה ונושאי משרה-מצבת ליום 1.1.15,http://maya.tase.co.il/reports/details/941725,
128,10:07 02/01/2015,חשמל ,הנהלה ונושאי משרה-מצבת ליום 2.1.15,http://maya.tase.co.il/reports/details/941719,
129,19:10 01/01/2015,רציו מימון ,הנהלה ונושאי משרה-מצבת ליום 1.1.15,http://maya.tase.co.il/reports/details/941707,http://mayafiles.tase.co.il/RHtm/941001-942000/H941707.htm
130,18:55 01/01/2015,כפריס ,הנהלה ונושאי משרה-מצבת ליום 1.1.15,http://maya.tase.co.il/reports/details/941698,http://mayafiles.tase.co.il/RHtm/941001-942000/H941698.htm
131,18:47 01/01/2015,איתי פיננסים ,הנהלה ונושאי משרה-מצבת ליום 1.1.15,http://maya.tase.co.il/reports/details/941693,http://mayafiles.tase.co.il/RHtm/941001-942000/H941693.htm
132,17:39 01/01/2015,מזרחי טפחות ,הנהלה ונושאי משרה-מצבת ליום 1.1.15,http://maya.tase.co.il/reports/details/941656,http://mayafiles.tase.co.il/RHtm/941001-942000/H941656.htm
133,17:35 01/01/2015,מדיפאואר ,הנהלה ונושאי משרה-מצבת ליום 1.1.15,http://maya.tase.co.il/reports/details/941655,http://mayafiles.tase.co.il/RHtm/941001-942000/H941655.htm
134,16:41 01/01/2015,הוט ,הנהלה ונושאי משרה-מצבת ליום 1.1.15,http://maya.tase.co.il/reports/details/941643,http://mayafiles.tase.co.il/RHtm/941001-942000/H941643.htm
135,16:06 01/01/2015,קרדן יזמות ,הנהלה ונושאי משרה-מצבת ליום 1.1.15,http://maya.tase.co.il/reports/details/941621,http://mayafiles.tase.co.il/RHtm/941001-942000/H941621.htm
136,16:00 01/01/2015,קרדן ישראל ,הנהלה ונושאי משרה-מצבת ליום 1.1.15,http://maya.tase.co.il/reports/details/941618,http://mayafiles.tase.co.il/RHtm/941001-942000/H941618.htm
137,15:41 01/01/2015,חשמל ,הנהלה ונושאי משרה-מצבת ליום 1.1.15,http://maya.tase.co.il/reports/details/941598,http://mayafiles.tase.co.il/RHtm/941001-942000/H941598.htm
138,15:22 01/01/2015,נקסט ג'ן-ש ,הנהלה ונושאי משרה-מצבת ליום 1.1.15,http://maya.tase.co.il/reports/details/941571,
139,15:00 01/01/2015,וילאר ,הנהלה ונושאי משרה-מצבת ליום 1.1.15,http://maya.tase.co.il/reports/details/941553,
140,14:20 01/01/2015,פרוקוגניה ,הנהלה ונושאי משרה-מצבת ליום 1.1.15,http://maya.tase.co.il/reports/details/941487,http://mayafiles.tase.co.il/RHtm/941001-942000/H941487.htm
141,14:13 01/01/2015,דורי קבוצה ,הנהלה ונושאי משרה-מצבת ליום 1.1.15,http://maya.tase.co.il/reports/details/941485,http://mayafiles.tase.co.il/RHtm/941001-942000/H941485.htm
142,14:09 01/01/2015,אספן גרופ ,הנהלה ונושאי משרה-מצבת ליום 1.1.15 - תיקון דוח,http://maya.tase.co.il/reports/details/941483,http://mayafiles.tase.co.il/RHtm/941001-942000/H941483.htm
143,12:43 01/01/2015,אדגר השקעות ,הנהלה ונושאי משרה-מצבת ליום 1.1.15 - תיקון דוח,http://maya.tase.co.il/reports/details/941401,http://mayafiles.tase.co.il/RHtm/941001-942000/H941401.htm
144,12:31 01/01/2015,אנדימד ,הנהלה ונושאי משרה-מצבת ליום 1.1.15,http://maya.tase.co.il/reports/details/941391,http://mayafiles.tase.co.il/RHtm/941001-942000/H941391.htm
145,11:36 01/01/2015,מדטכניקה ,הנהלה ונושאי משרה-מצבת ליום 1.1.15,http://maya.tase.co.il/reports/details/941367,http://mayafiles.tase.co.il/RHtm/941001-942000/H941367.htm
146,11:30 01/01/2015,אמניס תרפיוטיקס ,הנהלה ונושאי משרה-מצבת ליום 1.1.15,http://maya.tase.co.il/reports/details/941366,http://mayafiles.tase.co.il/RHtm/941001-942000/H941366.htm
147,11:20 01/01/2015,אדגר השקעות ,הנהלה ונושאי משרה-מצבת ליום 1.1.15,http://maya.tase.co.il/reports/details/941350,http://mayafiles.tase.co.il/RHtm/941001-942000/H941350.htm
148,10:39 01/01/2015,וואן טכנולוגיות ,הנהלה ונושאי משרה-מצבת ליום 1.1.15,http://maya.tase.co.il/reports/details/941336,http://mayafiles.tase.co.il/RHtm/941001-942000/H941336.htm
149,10:10 01/01/2015,שלמה נדלן ,הנהלה ונושאי משרה-מצבת ליום 1.1.15,http://maya.tase.co.il/reports/details/941326,http://mayafiles.tase.co.il/RHtm/941001-942000/H941326.htm
150,09:51 01/01/2015,צור ,הנהלה ונושאי משרה-מצבת ליום 1.1.15,http://maya.tase.co.il/reports/details/941320,http://mayafiles.tase.co.il/RHtm/941001-942000/H941320.htm
151,09:39 01/01/2015,רוטקס ,הנהלה ונושאי משרה-מצבת ליום 1.1.15,http://maya.tase.co.il/reports/details/941310,http://mayafiles.tase.co.il/RHtm/941001-942000/H941310.htm
152,09:36 01/01/2015,אידיבי פתוח ,הנהלה ונושאי משרה-מצבת ליום 1.1.15,http://maya.tase.co.il/reports/details/941309,http://mayafiles.tase.co.il/RHtm/941001-942000/H941309.htm
153,09:35 01/01/2015,כמיפל ,הנהלה ונושאי משרה-מצבת ליום 31.12.14,http://maya.tase.co.il/reports/details/941308,http://mayafiles.tase.co.il/RHtm/941001-942000/H941308.htm
154,09:34 01/01/2015,פלסאון תעשיות ,הנהלה ונושאי משרה-מצבת ליום 1.1.15,http://maya.tase.co.il/reports/details/941306,http://mayafiles.tase.co.il/RHtm/941001-942000/H941306.htm
